InsuranceID,InsuranceCompanyName,SubscriberNo,GroupNo,PolicyHolderName,SameAsPatient,InsuranceName,DateOfBirth,SSN,Telephone,Gender,HomeAddress,Employer,PatientRelationshipToInsured
80264,Conn-Windler,4184023,981288,Ashlie Fennessy,1,Berne Antoniou,1970-01-31 20:15:03,594704899,57060555,Transgender,442 Packers Plaza,Nlounge,Parent
68734,White-Cormier,8335083,820763,Petunia Bundock,1,Vick Doughartie,1985-11-23 23:41:50,172686906,10544506,Female,2 Lukken Junction,Jaxspan,Other
48035,"Corwin, Weber and Rempel",8443486,991160,Kenon Tilliards,0,Clarisse O'Hdirscoll,1977-05-11 08:21:59,658424751,89356965,Male,6457 Erie Court,Viva,Sibling
10695,"Mante, King and Tremblay",9164037,971643,Jess Labba,0,Jeremie Klesse,1954-03-22 08:52:36,263684991,8222858,Male,465 Shopko Plaza,Quinu,Child
83889,"Hickle, Murazik and Schneider",7987137,872173,Brock Lyddy,1,Gardie Wrassell,1999-12-27 16:46:48,579448362,42693062,Female,0 Killdeer Crossing,Youspan,Sibling
39107,Jacobs Inc,1026868,272940,Anna Gagin,0,Minnaminnie O'Breen,1974-11-05 02:51:37,813681904,23214359,Female,583 Dexter Place,Vidoo,Parent
73017,Berge-Schiller,4433204,536941,Osborn Drakes,1,Chiarra De Giorgio,1970-10-03 14:41:46,141496594,597738,Female,510 6th Alley,Layo,Sibling
38117,Reichel-Gutmann,6521475,937698,Maynord Dungay,0,Baryram Burnip,1996-12-21 11:06:47,233314378,16316051,Female,6 Portage Drive,Kare,Other
96163,Reichel-Sipes,4033384,581946,Maridel McCallion,1,Fabien Viccars,1997-01-25 15:20:52,810673803,53334274,Male,82 Debra Park,Fanoodle,Spouse
30195,"Kub, Ryan and Hoeger",1941381,414955,Ginevra Gaine of England,0,Cletus Dulton,1990-03-11 16:43:12,556559665,41705460,Male,3 Sheridan Alley,Edgeclub,Spouse
14128,Emmerich Group,5534777,400916,Mersey Greenman,0,Audra Cutriss,1961-05-23 05:13:52,153973026,11131537,Transgender,25 Mendota Pass,Nlounge,Child
38502,Senger-Weber,4640202,891573,Fergus Pamplin,1,Millicent Ilett,1956-06-15 17:56:45,303865131,18316409,Male,66632 Sunnyside Park,Skipfire,Spouse
50389,Russel-Lang,1849350,184645,Felizio Paolacci,1,Bourke Ogelsby,1945-01-13 18:33:44,784149410,4379786,Transgender,0 Bunker Hill Plaza,Divape,Parent
63078,Hickle Inc,5566124,536143,Joella Monkman,1,Ange Sodory,1997-02-22 18:48:30,280361565,73882390,Transgender,7 Rusk Way,Flipstorm,Parent
88613,Lakin-Windler,8795799,117942,Angelo Hambling,1,Armstrong Cruxton,2002-02-07 00:36:39,154653856,48879334,Male,91885 Hoard Center,Devbug,Child
7386,Ebert Group,9325324,569268,Alaine Moorcraft,0,Omar Arno,1986-10-26 02:30:39,474473440,64647327,Female,00 Armistice Park,Eare,Other
41148,"Schmitt, Ullrich and Adams",2405785,137051,Cass Brewett,0,Veriee Pymer,1961-06-15 02:39:48,789715395,13908231,Female,4 Carberry Circle,Twinder,Domestic Partner
96526,"Terry, Jones and Volkman",6237795,848032,Joyan Roelofsen,1,Bink Arrault,1958-07-07 07:10:44,172662750,72921608,Transgender,9020 Wayridge Place,Meemm,Parent
37831,Hackett-Kunde,8359085,759084,Vladamir Halbert,1,Ephrayim Tunney,1951-07-07 12:31:34,814077771,77092118,Transgender,3840 Bayside Way,Youfeed,Domestic Partner
4228,"Anderson, Kshlerin and Kiehn",7748029,470014,Ignacio Bonnell,1,Vitoria Brimblecomb,1990-08-22 15:03:26,640239257,67606336,Female,89 Messerschmidt Lane,Roodel,Spouse
66436,Daniel-Shanahan,125955,965097,Sula Twycross,1,Huey Carriage,1980-03-20 23:39:13,430810048,16037461,Transgender,2 Walton Point,Dabvine,Other
86899,"Leffler, Zemlak and Berge",8028762,815547,Billie Laytham,1,Shandee Arrol,1999-02-10 23:34:46,737833216,87858980,Male,367 Prairieview Plaza,Jabbertype,Sibling
6547,Purdy-Stanton,7660076,663407,Leopold Clemente,0,Cacilia Varden,1983-11-14 07:07:19,267573679,21697658,Female,21655 Vidon Drive,Wikibox,Other
52554,Stehr and Sons,4818572,240877,Dion Durkin,0,Osborne Colthard,1968-09-08 00:51:31,577959972,18132675,Transgender,9 Weeping Birch Road,Flipopia,Spouse
26061,Legros-Mills,2848032,910446,Netti Hebblewhite,1,Cathee Gostick,1964-09-18 12:57:11,722250921,6478950,Male,66 Melody Junction,Jetpulse,Other
85887,Swaniawski-McKenzie,4573697,545375,Bridget Pinel,1,Essa Lawman,1995-07-07 13:06:13,46458982,65241524,Female,6131 Sycamore Trail,Mynte,Sibling
81590,"Kunze, Boyer and Swaniawski",6426410,667742,Guillaume Boram,0,Joy Minico,1975-12-20 17:25:03,888088228,86144608,Transgender,9031 Merry Lane,Dynava,Sibling
79097,Cronin-Harvey,6004610,38521,Grady Tym,0,Gerald Ferron,1956-02-14 21:17:02,719215404,3973079,Female,6094 Almo Parkway,Divanoodle,Domestic Partner
3147,Gibson-Maggio,9741051,352771,Beatriz Ducroe,0,Torie Barraclough,1946-05-02 03:55:55,453109861,73129836,Female,8 Oak Hill,Meemm,Child
71011,"Bruen, Mraz and Ebert",7886294,737312,Sibella Curnow,0,Zelda Ivanyukov,1962-05-09 05:41:31,844455441,25351727,Female,3284 Bellgrove Parkway,Brainverse,Sibling
75381,Beahan Inc,9849069,973922,Penny Inworth,0,Delmor Owthwaite,1992-09-29 22:09:22,256730999,35277481,Female,1 Summit Drive,Blogpad,Parent
12269,Orn-Schuster,6194831,763271,Saunderson Di Biasio,1,Fifine Jedrzejewski,1953-12-25 21:57:28,101241198,18737264,Transgender,9 Ilene Court,Skyndu,Other
24642,"Mills, Schowalter and Donnelly",705372,440319,Charmaine Galpen,0,Evelyn Broadway,1983-02-05 10:09:06,19187335,65396864,Male,5 Dovetail Circle,Rhyloo,Parent
45364,Terry and Sons,8309065,554849,Garret Sherlaw,1,Roanna O'Loughlin,1969-04-30 02:46:33,175460429,531859,Transgender,1802 Utah Plaza,Avamba,Parent
89131,Miller and Sons,5748437,252906,Selia Pexton,1,Gearalt Franzetti,1960-05-12 07:09:27,128888066,54430723,Female,5960 Briar Crest Parkway,Centidel,Other
42690,Hills LLC,6368736,342107,Kerr Zylberdik,0,Kipper Trenbay,1966-11-15 16:26:27,415310010,33927455,Transgender,76 Rigney Parkway,Riffwire,Other
35506,"Brakus, Shanahan and Kozey",6323644,476536,Gwenette Britcher,1,Davine Hynson,1966-06-05 08:01:47,542687805,7130091,Female,5 Mitchell Terrace,Cogidoo,Sibling
52087,"Torphy, McLaughlin and Kerluke",908413,202802,Adelina Squibe,0,Sammy Dmych,2001-07-15 23:10:12,358933804,81053210,Female,88 3rd Lane,Pixonyx,Sibling
55881,Muller Group,155450,905326,Marta Potebury,1,Emlen Fawcus,1981-01-22 05:40:11,467615286,10192073,Female,71342 Maryland Way,Youtags,Parent
10276,Mertz LLC,1118432,126406,Adriena Chrishop,0,Melisent Mockes,1953-08-27 19:23:05,39341286,1781164,Male,4828 Sullivan Avenue,Nlounge,Domestic Partner
53151,Mueller and Sons,531690,967566,Quincy Avrahm,1,Tamas Drews,1994-09-13 15:45:28,529084928,84737678,Female,0245 Duke Drive,Oyope,Parent
33303,Weber-Hartmann,761526,24708,Christiane Rivers,0,Bond Durbann,1954-11-06 00:23:55,37117814,39278480,Transgender,43415 Pleasure Parkway,Agivu,Domestic Partner
57749,Heller LLC,8315400,484423,Weber Benedyktowicz,1,Astra Britton,1999-04-18 13:13:14,146676060,75916170,Male,39863 Mallard Court,Skinder,Spouse
73027,"Olson, Durgan and Kohler",7454284,716524,Damaris Kinastan,1,Gerrie Hackwell,1949-11-07 05:03:48,439384697,73868448,Male,471 Miller Plaza,Jetpulse,Sibling
48401,"Howell, Conn and Buckridge",1698310,433875,Trace Saladin,1,Agace Crux,1994-10-02 20:40:32,471019904,79475958,Female,10 Schlimgen Alley,Izio,Domestic Partner
24262,Wiza-Reynolds,7233403,782242,Morly Matteris,1,Rosie Titterrell,1966-06-22 00:20:08,496262352,19121601,Male,21729 East Place,Blogpad,Sibling
56352,Rau-Gorczany,2059156,982452,Cordy Parsley,0,Nickolai Hanway,2000-03-04 17:42:23,308700114,21519913,Transgender,36 Donald Street,Yadel,Domestic Partner
41709,"Vandervort, White and Armstrong",2770945,864377,Scotty Attoc,0,Heriberto Styche,1973-04-02 00:49:46,47222531,51256948,Transgender,89134 Gale Court,Topiczoom,Child
61236,Nikolaus-O'Hara,2223809,863736,Ira Kelson,0,Frankie Cuddehay,1974-08-18 18:24:20,121979923,43796634,Male,2 American Terrace,Linktype,Spouse
27708,"Hauck, Boyle and Kerluke",2673496,317978,Kellen Maykin,0,Talbot Gallego,1950-06-18 01:21:59,227715717,53318823,Transgender,9 Lotheville Terrace,Skipstorm,Spouse
73678,"Halvorson, Marquardt and Hansen",1125546,752159,Richard Dooman,0,Ermina Straker,1965-08-03 14:56:29,786964878,88386,Transgender,2866 Prairieview Park,Feedmix,Child
18068,Kerluke and Sons,5853625,180868,Belicia Fidgeon,1,Niki Eaden,1947-02-24 22:39:15,696851800,892988,Transgender,32494 Graedel Alley,Yata,Parent
58880,Kessler Inc,2468810,356494,Goran Baswall,1,Phil Pacher,1967-09-06 18:50:34,260802734,68187822,Female,500 Delaware Court,Dynava,Sibling
1021,Dach-Oberbrunner,5758144,54961,Reider Harness,1,Lynelle Doumer,2004-03-11 03:35:50,51046326,85284636,Transgender,89 Autumn Leaf Street,Quaxo,Sibling
93409,Macejkovic Inc,6770344,130863,Karney McGonigle,0,Linnet Blackett,1980-08-14 11:16:38,640233217,88253321,Transgender,5220 Grasskamp Junction,Shufflebeat,Spouse
41953,"Bernhard, Jacobson and Gislason",4137381,786418,Oralia Scheffel,1,Hermia Kliment,1995-03-06 18:52:31,470293526,74564207,Transgender,52 Clarendon Avenue,Youspan,Other
12155,Howell and Sons,1123522,597804,Vincents Sheryn,1,Morna Stevenson,1965-11-10 13:28:44,161170957,17594696,Male,264 Fremont Terrace,Jetpulse,Spouse
12353,Huels Inc,7319541,444025,Krystal Juanes,1,Isobel Coen,1982-08-09 00:28:56,896438902,63818408,Female,20 Morrow Drive,Eidel,Child
52954,Barton Group,4626337,930320,Alla Gerraty,1,Brant Eassom,1983-01-19 09:57:01,668803933,53609544,Transgender,46 Acker Point,Browsetype,Domestic Partner
39532,Cormier LLC,7567426,272190,Shannen Ortet,1,Cloris Davydychev,1971-11-01 08:23:21,802186089,16403005,Transgender,319 Village Green Terrace,Zoomcast,Other
52104,Cummerata LLC,1911507,400826,Sella Bailess,1,Patsy Lammerts,1952-12-18 14:12:55,806991126,16183315,Female,8 Anniversary Junction,Meetz,Child
5700,"Kessler, Lakin and Denesik",3170217,472824,Nils Gannaway,1,Xena Wilson,2003-05-11 15:17:35,314760229,72583923,Transgender,8 Sunnyside Pass,Yata,Sibling
35051,"Langworth, Stroman and Schiller",5324550,641894,Marja Flanders,0,Pat Swanne,1944-09-13 10:56:44,615411635,32542432,Transgender,2558 Fremont Point,Skilith,Child
22628,Sanford Group,2715700,377272,Perri Martellini,1,Alejandro Kornyshev,1972-02-19 17:43:20,437562604,79370314,Transgender,370 Heffernan Plaza,Meezzy,Sibling
30258,"Cummerata, Goyette and Conn",6630036,631932,Bartlet Havik,1,Lee Vynarde,1963-01-22 14:30:03,439714204,26615119,Male,3 Sugar Drive,Vidoo,Domestic Partner
99973,Upton-Dach,1775780,903841,Jessica Goreway,1,Kay Aldhouse,1950-11-24 17:25:08,316500226,43290638,Transgender,10 Kinsman Point,Wikibox,Sibling
81962,Bode-Quigley,4843143,422500,Fairfax Bister,1,Marita Shailer,2001-06-30 18:27:50,226880535,36857671,Male,74973 Brown Hill,Zazio,Other
15545,Kulas Group,9203966,980969,Walt Yosselevitch,1,Stephi Branch,1994-04-23 00:59:24,187450212,7409022,Male,323 Utah Parkway,Trilith,Domestic Partner
56962,"Krajcik, Ziemann and Waters",8467263,475363,Karna Hibbart,0,Seumas Golsby,1999-12-17 01:17:29,24978849,45724193,Male,6 Warrior Court,Abatz,Other
13985,"Bailey, Bode and Bode",184136,391812,Alphonse Langmaid,0,Lilly Ruusa,1979-03-21 22:14:46,759870091,68470696,Female,3792 Kenwood Avenue,Skajo,Other
96784,Bins-Jakubowski,5397750,459618,Elliot Pleming,1,Terrence Gerardet,1972-07-09 22:27:02,356635512,8713439,Male,9 Marquette Hill,Feedbug,Parent
77081,O'Conner-Herman,930358,334208,Ruddie Leall,1,Skip Fernehough,1958-02-27 13:50:01,299964252,86829542,Female,0564 Almo Pass,Pixope,Other
79444,"Smith, Metz and Mohr",2291549,780631,Christoffer Bruniges,1,Bobinette Simenet,1985-11-02 19:36:11,277199394,1515435,Transgender,1988 Pond Road,Jabbersphere,Spouse
90134,"Quigley, Stroman and Mann",2515813,367964,Amalee Buscombe,0,Ringo Tod,1953-12-27 01:30:36,744001734,80897260,Female,2 Autumn Leaf Court,Twitterlist,Child
62979,Hessel LLC,3355380,756137,Rickard Bohden,1,Clarinda O'Hanlon,1981-01-10 13:47:19,547651768,15767144,Male,91 Corry Point,Eamia,Spouse
17289,Wyman Group,2455118,410968,Aidan Pinnell,1,Erin Dinning,1985-04-28 03:56:56,831009261,14704136,Female,861 Esker Trail,Gigaclub,Parent
41053,Cormier-McGlynn,1289227,701452,Virge MacAllister,1,Raynor Strewthers,1959-12-04 18:44:27,730396788,62076804,Transgender,93 Fallview Trail,Browsecat,Child
20018,"Rippin, Doyle and Swift",4174810,463396,Konstantin Groneway,0,Dore Greasley,1979-08-04 23:51:48,63270022,18014931,Female,15 Briar Crest Parkway,Realpoint,Spouse
43189,West and Sons,1289916,171633,Carmita Pendrick,1,Lazare Pascow,1981-03-04 20:06:34,296206037,19640655,Female,35 Lighthouse Bay Plaza,Wikido,Parent
10410,"Grady, Kassulke and Barton",8023091,777977,Alain Nucciotti,0,Vance Mattiessen,2001-01-21 20:54:02,506464574,5154097,Female,96 Texas Court,Photojam,Parent
13614,"Heidenreich, Streich and Zemlak",3661345,444724,Augie Couve,1,Rosabella Lehmann,1985-12-07 01:59:03,199630167,80746079,Transgender,171 Dawn Lane,Riffpedia,Domestic Partner
84491,Schumm LLC,4330486,905089,Wittie Quayle,1,Georas MacClay,1982-12-15 21:59:41,840892477,22310259,Female,0677 Dryden Road,Yombu,Other
29500,Berge-Gutmann,3258656,292162,Willabella Armell,1,Stanley Apark,1963-03-14 05:10:46,510411587,84876233,Transgender,8 7th Point,Photobug,Domestic Partner
73587,MacGyver-Runte,7182001,684461,Tarah Manie,0,Brannon Longhirst,1951-07-14 07:12:41,718818518,49623316,Transgender,466 Mesta Alley,Oyoyo,Child
24700,Nikolaus Inc,5386508,799489,Jud Grandin,1,Enoch Lanphier,1995-07-24 18:32:39,412714426,83666798,Male,4 Ludington Road,Dynava,Domestic Partner
70755,Green-Bernier,3436212,621980,Jarred Hellikes,1,Gay Kirkman,1968-09-25 13:43:03,720804510,37393370,Female,3854 Debra Park,Meeveo,Parent
1731,Feest Group,5921911,940222,Elena O'Drought,0,Rosalinde Sheeres,1955-12-11 18:22:01,276905796,32935429,Female,5055 Packers Court,Npath,Sibling
55815,McClure-Aufderhar,996443,825731,Saraann Casterton,1,Dody Drees,1956-05-12 13:10:12,828263655,6276939,Transgender,05786 Twin Pines Point,Babbleset,Domestic Partner
94277,"Hahn, Goyette and Marquardt",7884647,672332,Felicle Ancketill,1,Frazier Oscroft,1946-11-28 20:17:13,769604559,59518233,Transgender,9534 Fair Oaks Point,Feedfire,Domestic Partner
99918,"Pfeffer, Boyle and Satterfield",1443225,767423,Mohandas Marwood,0,Egbert Smidmore,1958-11-23 06:27:08,598711120,81648305,Male,08820 Spenser Circle,Voomm,Parent
26344,"Bradtke, Hilll and Reilly",8454775,999661,Westbrooke Solomonides,1,Damon Diben,1958-11-04 04:21:35,545820349,21839509,Male,4 Bunker Hill Hill,Agivu,Domestic Partner
8489,"Paucek, Schuster and Kub",4854665,918376,Cly Gabbitis,0,Margaretha Rowena,2003-08-07 23:28:21,876239345,6373889,Male,5 Amoth Plaza,Zoomdog,Sibling
88513,Gutmann-Walter,2689156,530562,Kirbee Vanshin,0,Dixie Trotman,1996-06-15 11:48:26,222491072,69218136,Female,475 Buhler Street,Rhycero,Other
30929,Grady LLC,3522969,514439,Dredi Dwire,0,Carlee Lowrey,1959-08-19 15:02:57,232897017,26199572,Transgender,9203 Ridge Oak Place,Dabfeed,Domestic Partner
19023,Greenholt-Terry,4952780,872448,Gilbertina Gatfield,0,Darill Calow,1978-03-08 07:25:52,798509792,68534108,Transgender,53 Dennis Center,Feedmix,Child
55542,"Zulauf, Buckridge and Armstrong",2525464,482836,Amity Umfrey,0,Ilario Fearon,1983-10-16 23:18:41,316448865,31132683,Transgender,0998 Aberg Terrace,Devshare,Child
14899,Rice-Lowe,6498460,78005,Jennilee Luke,0,Betty Jeffcock,1949-12-04 12:05:55,292230429,83554190,Female,599 Melrose Lane,Twinder,Spouse
12752,Harvey-Douglas,2154859,114259,Osborn Castell,1,Chris Vesco,1978-01-11 22:06:43,460816001,61480618,Transgender,07 Drewry Terrace,Flashdog,Other
86064,"Pouros, Brekke and Lind",9730100,702985,Emeline Malec,1,Fanny Fontelles,2005-01-17 13:22:05,635411833,6666369,Female,51 Linden Avenue,Realbridge,Domestic Partner
15128,"Kohler, Hirthe and Krajcik",2809574,704089,Staci Mongenot,1,Cyndia Hew,1972-11-29 21:29:24,813470350,56419662,Male,067 Roth Trail,Twitterwire,Spouse
