PatientID,Prefix,PatientName,PreviousNames,EmailAddress,MailingAddress,MaritalStatus,Gender,CellPhone,HomeAddress,ResidenceType,PrimaryCarePhysician,DateOfBirth,SSN,HomePhone,WorkPhone,PreferredContact,StudentStatus,EmployerName,EmployerAddress,EmployerPhone,EmploymentStatus,EmergencyName,RelationshipToPatient,EmergencyCellphone,EmergencyWorkphone,EmergencyDateOfBirth
81946,Dr.,Brooks Jermey,Dag Dunleavy,rbeaumont0@japanpost.jp,3rd Floor,Married,Transgender,99066551,983 Texas Avenue,Skilled Nursing Home,Natalina Smardon,1969-03-20 23:07:28,59225862,728832983,230932292,Home,Full-time,Freedman Colbourne,084 Hagan Alley,451299689,Active-Military-Duty,Reinhard Beaumont,Spouse,623347530,915068846,1996-01-12 17:10:08
92070,Dr.,Seumas Searles,Libbie Lodeke,cjovovic1@storify.com,Apt 1109,Widowed,Female,503446386,0 Ridgeview Drive,Private Home,Alano Guerreru,1996-09-01 09:05:12,23730893,105713307,577466123,Work,Full-time,Christoph Bridgen,3 Lakewood Gardens Terrace,629101925,Part-time,Caspar Jovovic,Spouse,140452633,93347915,1963-05-14 23:12:15
32864,Mrs.,Dom Bladon,Arnold Antunez,spaz2@mtv.com,PO Box 22448,Widowed,Male,313286185,6794 Talisman Trail,Residential Home,Keelia Gooch,2001-08-19 10:16:15,7775674,86894211,582690792,Work,Full-time,Guglielmo Botterill,976 Warner Street,56547274,Full-time,Susan Paz,Parent,699978579,901460491,1949-02-07 08:28:50
343,Mr.,Tonia Willarton,Haze Dobbinson,cpinson3@ftc.gov,PO Box 10509,Divorced,Transgender,543613236,72592 Derek Circle,Residential Home,Donielle Kelwaybamber,1946-06-25 07:11:41,368662,999863101,130760262,Work,Full-time,Arni Waycot,68 Sutteridge Road,340941252,Part-time,Clarie Pinson,Spouse,444867158,678911036,1948-02-20 10:23:59
12743,Mr.,Nancey Samart,,mscrace4@rambler.ru,18th Floor,Widowed,Male,192275034,13047 Roxbury Circle,Skilled Nursing Home,Korella Tregona,1967-01-25 01:31:18,16108680,754967892,91017078,Work,Part-time,Allyson MacGinney,783 Green Alley,912128755,Retired,Mallorie Scrace,Friend,783887020,955928676,1993-11-17 04:11:22
84776,Ms.,Tod Spurrior,Gabriella Beaman,oheald5@wisc.edu,PO Box 18432,Married,Male,212055692,77419 Lakewood Gardens Terrace,Residential Home,Lilian Muffin,2001-09-25 14:40:08,65208374,801542407,259125504,Cell,Part-time,Zacharie Tennewell,782 Melby Court,410737139,Self-employed,Odille Heald,Sibling,119605969,568611686,1967-10-05 18:25:58
93005,Mrs.,Daveta Eggers,Gillian Auguste,cduce6@alexa.com,Room 756,Widowed,Female,803952922,135 Main Hill,Residential Home,Marika Quogan,1996-08-13 08:28:36,63843071,245376250,65765564,Cell,Not-a-Student,Eolande Klementz,2007 Lakewood Gardens Circle,955357398,Active-Military-Duty,Carleen Duce,Spouse,27005894,771160938,1947-02-23 03:37:07
89060,Dr.,Welbie Tolson,Robinett Murrthum,gpoat7@ezinearticles.com,Suite 15,Single,Transgender,714031569,856 Tomscot Court,Private Home,Kiley Shrimptone,1969-06-12 11:44:26,65013419,447976191,97390090,Cell,Full-time,Andrea Patillo,92 Birchwood Junction,226309844,Part-time,Granger Poat,Colleague,663708636,70540628,1985-04-28 11:38:48
79227,Dr.,Tricia Tolcher,,smulran8@forbes.com,PO Box 75850,Married,Transgender,801712160,3 Northland Court,Nursing Home,Gilbert Nayer,1960-01-07 09:36:37,36448070,719480970,654311209,Home,Full-time,Ardyce Syers,8 Scofield Road,787491850,Retired,Salomon Mulran,Sibling,930098080,256770738,1969-03-08 21:27:52
88419,Mrs.,Ingunna Wilkowski,Vinny Causby,rgeggie9@marketwatch.com,18th Floor,Partner,Female,10227889,8 Sutherland Plaza,Private Home,Benedicto Currier,1961-06-20 16:01:59,94141016,569206942,878536292,Home,Not-a-Student,Orella Krug,71482 Valley Edge Lane,74509990,Self-employed,Reynard Geggie,Parent,379623319,522749543,1957-11-15 21:48:40
45160,Ms.,Alyse Revett,,lepiscopia@auda.org.au,Apt 26,Partner,Female,793671502,924 Prairieview Street,Nursing Home,Nathanil Seaborne,1986-01-17 14:58:38,8602952,977378024,121467983,Home,Part-time,Geralda Viollet,558 Troy Center,252015833,Part-time,Lilith Episcopi,Sibling,901438774,614865831,1987-04-17 19:31:30
95926,Mrs.,Hershel Cable,Quill Cleaveland,aannesleyb@wisc.edu,13th Floor,Legally Separated,Male,479716918,95980 Basil Center,Nursing Home,Letti Shayes,1973-11-23 15:54:05,3278105,126680283,201035002,Home,Part-time,Marysa Kubista,95 Kennedy Terrace,343332883,Full-time,Ashlan Annesley,Friend,784050651,981444103,2005-06-22 18:44:56
74407,Ms.,Minny Strond,Ajay Stidworthy,llutonc@archive.org,2nd Floor,Legally Separated,Transgender,485918743,2639 Melrose Terrace,Residential Home,Bunny Scantlebury,1962-06-01 09:29:13,35418244,378490016,826286168,Home,Part-time,Tresa Tordiffe,2 Dakota Junction,452078765,Not employed,Lowrance Luton,Friend,781597898,221349780,1958-08-23 12:02:29
48752,Mrs.,Ranna Gwyn,Annamaria Cosins,cnormanelld@wordpress.org,Suite 88,Legally Separated,Transgender,754821747,0052 Forest Trail,Nursing Home,Gene Brewins,1949-08-24 07:33:56,79601348,216153680,781153207,Work,Part-time,Zacherie Gurko,4403 Sunnyside Junction,8492066,Not employed,Creigh Normanell,Spouse,488936917,721972889,1951-01-24 08:51:41
12415,Dr.,Alden Best,Christos Dargue,nkemstere@sitemeter.com,11th Floor,Married,Male,168093899,064 Bowman Lane,Private Home,Lucky Howgill,1944-04-27 14:09:48,20634770,588319700,256872456,Home,Part-time,Nollie Hendren,100 Anthes Park,838970886,Self-employed,Nikki Kemster,Friend,647929419,473123588,1956-02-17 09:05:12
47484,Dr.,Egon Bodycombe,Lorie Boscher,droizinf@dmoz.org,Room 1608,Legally Separated,Male,331508793,2348 Orin Terrace,Nursing Home,Mersey Rahlof,1985-09-14 14:03:19,33421126,240017403,389657772,Cell,Part-time,Vallie Beveredge,76617 Spaight Center,52417675,Full-time,Delcina Roizin,Colleague,817492829,109999106,1998-09-19 11:41:42
67704,Mrs.,Ludvig Kirsopp,,llowaterg@paypal.com,Apt 1006,Divorced,Transgender,476550130,23296 Meadow Ridge Center,Nursing Home,Jarvis Gommery,1992-03-31 23:05:48,59171922,522896656,563140985,Cell,Not-a-Student,Lauritz Dzeniskevich,5722 Village Green Alley,827138690,Full-time,Lloyd Lowater,Spouse,12965933,47943589,1970-09-20 07:24:17
40229,Mrs.,Claire Flea,Terrijo Clemencon,jkuhnhardth@upenn.edu,PO Box 93690,Partner,Male,468999723,049 Randy Parkway,Residential Home,Veronique Atkinson,1946-10-28 14:05:55,90338425,132106403,57621862,Work,Not-a-Student,Modesta Andraud,0447 Prairie Rose Place,474517174,Part-time,Jeniece Kuhnhardt,Parent,955246014,610579997,1973-08-09 15:55:18
57449,Ms.,Merline Butters,Svend Armand,jdurbini@mac.com,PO Box 85155,Single,Male,977665557,76286 Farwell Lane,Nursing Home,Vanessa Annell,1959-09-26 11:29:40,36922739,857752861,764240636,Cell,Not-a-Student,Brenna McDowall,5 Commercial Lane,722962440,Self-employed,Jamesy Durbin,Spouse,239818800,662604260,1974-10-27 16:59:18
39967,Mrs.,Arch Pieter,Min Kennally,mgodwynj@go.com,Room 1663,Partner,Female,289699458,0 Mallard Hill,Residential Home,Hewet Slamaker,1987-10-28 19:10:43,82887390,354925272,311267849,Work,Full-time,Christel Shore,51 8th Junction,642090645,Active-Military-Duty,Markus Godwyn,Friend,112524729,963126818,1981-04-21 10:02:18
61622,Dr.,Lynsey Earwaker,Stanton Quantrell,tolandak@yelp.com,Room 1216,Legally Separated,Male,376033341,4384 Manitowish Road,Nursing Home,Bald Sandifer,1953-08-21 23:46:41,3270782,918274716,56478190,Home,Full-time,Jarad Scowcraft,662 Grayhawk Junction,474666553,Not employed,Teresita Olanda,Parent,312425983,112451978,1951-07-08 17:31:44
18858,Mrs.,Christine Gabbitis,Lukas Barge,astirleyl@guardian.co.uk,Apt 193,Married,Male,180146243,0773 Bunker Hill Crossing,Nursing Home,Fairfax Van Eeden,1980-01-01 16:22:47,76143891,572141811,208884627,Cell,Full-time,Harv Kirtlan,119 Bultman Hill,606852155,Self-employed,Ansley Stirley,Friend,498759520,283702493,1998-01-31 08:20:12
94470,Mrs.,Myrwyn Duchateau,Almeta Foucard,mgoanem@jigsy.com,PO Box 63653,Legally Separated,Female,332103075,5 Weeping Birch Avenue,Skilled Nursing Home,Calley Dayce,1980-08-07 18:26:22,34566477,487005957,238446190,Home,Not-a-Student,Corina Gartan,15611 8th Court,335933411,Retired,Myrtle Goane,Sibling,506039796,424461869,1989-02-18 05:17:34
45074,Mr.,Charmian Presser,,hverdonn@booking.com,Room 931,Single,Male,218822266,89729 Tennyson Trail,Private Home,Harald Callway,1992-08-04 23:42:17,61434168,184156605,524113475,Home,Part-time,Kean Spurge,839 Blackbird Lane,228559965,Full-time,Heindrick Verdon,Colleague,448329864,130787424,1973-08-27 16:56:12
37290,Mrs.,Crystie Exroll,Chaim de Najera,pbaxstaro@yellowbook.com,Room 341,Married,Male,453855983,47647 Maple Lane,Nursing Home,Erna Steuart,1959-05-11 09:13:38,40289919,112854135,172954527,Home,Part-time,Hansiain Aprahamian,84218 Holy Cross Plaza,635051102,Self-employed,Porty Baxstar,Parent,296355306,187707612,1991-10-24 00:59:09
49795,Mr.,Morganne Lovett,Gustie Sobey,reddiesp@sphinn.com,PO Box 5411,Divorced,Male,234652033,7000 Park Meadow Drive,Private Home,Daisi Ruddy,1975-04-22 01:50:28,73097981,391014709,313349090,Work,Part-time,Gilda Hegley,50 Stuart Avenue,258543115,Part-time,Rikki Eddies,Friend,978863374,952518080,1984-02-14 07:20:40
71786,Mr.,Rosemarie Jozefczak,Olivette Echalie,vstazikerq@google.de,PO Box 99887,Single,Female,952982523,770 Sutherland Way,Residential Home,Anissa Andreasson,1998-12-19 18:13:08,69284145,77057993,975256933,Home,Part-time,Bucky McIlhone,58873 Killdeer Place,169603720,Part-time,Valentin Staziker,Parent,86200074,780474755,1975-08-15 03:35:11
81646,Dr.,Susanna Pemberton,Tades Andresser,omesiasr@indiegogo.com,PO Box 39060,Divorced,Male,412746202,158 Sullivan Alley,Residential Home,Herculie Heamus,1994-03-12 08:08:13,38696236,887904864,375591850,Cell,Not-a-Student,Ruddie Peddel,58 Orin Road,546085474,Part-time,Ode Mesias,Parent,487830097,991670948,1960-05-08 08:02:28
60822,Mr.,Barney Buckmaster,Melania Hurtic,sherches@vinaora.com,Room 1232,Partner,Transgender,248697409,2 North Hill,Skilled Nursing Home,Coleen Goede,1955-04-01 12:38:33,89647715,933434816,78830565,Work,Part-time,Paulo Bauld,5 Jenifer Drive,280898672,Active-Military-Duty,Sybil Herche,Parent,820795263,191467263,1982-08-09 02:08:53
48434,Ms.,Clay Muffen,Kellen Le Maitre,qlodewickt@slideshare.net,PO Box 58700,Legally Separated,Female,426585137,7 Oriole Park,Private Home,Seamus Dun,1963-01-07 02:45:57,204605,755356692,60871042,Home,Part-time,Cobb Wilstead,92 Summerview Circle,860996809,Self-employed,Quintina Lodewick,Spouse,269040889,848461494,1975-11-12 02:34:30
94476,Mr.,Ailyn McPheat,Markos MacKean,rstu@skype.com,Room 1368,Divorced,Transgender,49151270,92664 Bultman Hill,Nursing Home,Jacquenetta Bosnell,1947-12-14 01:50:27,51062185,402205963,253074924,Work,Not-a-Student,Alika Tuer,5327 Alpine Hill,991158770,Active-Military-Duty,Reggi St Ange,Colleague,99256558,553713443,1960-03-16 08:09:40
89111,Mr.,Allianora Toma,Simeon Byfield,mhankeyv@cocolog-nifty.com,17th Floor,Married,Female,679660297,67 Pawling Crossing,Nursing Home,Adriana Wein,1971-03-04 11:27:58,98576557,48456884,719033595,Work,Full-time,Juli Willshaw,076 Paget Hill,790063683,Active-Military-Duty,Miguela Hankey,Parent,936950016,338001524,1984-05-25 20:58:07
33910,Dr.,Reggy McShirie,Langsdon Yushachkov,fportwainew@w3.org,Room 319,Partner,Male,813619492,759 Prairieview Crossing,Residential Home,Jobie Southern,1963-03-26 14:24:42,11409680,724886550,132104590,Home,Part-time,Dicky Ottosen,51 Lakewood Park,904197626,Self-employed,Farah Portwaine,Friend,550894787,428600106,2004-01-13 05:59:50
21008,Dr.,Irena Dobrovolski,Rina Dohmann,dblondellx@nih.gov,Apt 1941,Legally Separated,Transgender,801751470,5 Larry Court,Nursing Home,Kynthia Kemmer,1958-09-13 14:59:08,28065962,852666,605400921,Work,Part-time,Poppy Sparkwill,5859 Charing Cross Park,278852193,Full-time,Devora Blondell,Friend,639407395,441311795,1976-10-30 13:58:26
97131,Mrs.,Jaclin Ebhardt,Heath Bricksey,bblackstocky@microsoft.com,Room 1891,Legally Separated,Transgender,991828252,82219 Northfield Point,Residential Home,Bayard Romushkin,2002-04-24 02:29:59,33682979,194428560,549647084,Cell,Not-a-Student,Valerie Capelin,3412 Londonderry Way,405440750,Self-employed,Brod Blackstock,Friend,494597850,108804504,2002-11-05 00:06:59
54846,Ms.,Aksel Loxly,Nappy McBayne,ahousamanz@bigcartel.com,12th Floor,Single,Female,61469235,98 Forster Way,Residential Home,Towny Yegorev,1987-03-28 13:31:44,78549161,134812020,76138510,Home,Part-time,Flossi Hubbard,654 Toban Park,328863664,Retired,Ailyn Housaman,Friend,75418570,665009685,1994-01-10 10:00:32
81485,Dr.,Melli Mitchelson,,clowmass10@dagondesign.com,PO Box 29878,Married,Female,409259452,7984 Ridgeway Place,Residential Home,Gayleen Kenningley,1966-04-17 03:03:06,58585774,862812056,627305522,Cell,Full-time,Bernadette Humble,61760 Reinke Court,640728722,Active-Military-Duty,Cosetta Lowmass,Sibling,281716629,532452079,1975-01-24 21:02:43
79877,Ms.,Teddy Suttell,Mozes Pickup,ckohler11@networkadvertising.org,Apt 1683,Partner,Female,480390869,69225 Monument Alley,Nursing Home,Rockey Clowes,1965-08-17 05:36:43,29875718,560591102,380674037,Cell,Not-a-Student,Loydie Arnaldo,0 Buell Road,560897936,Not employed,Charlotta Kohler,Colleague,175090577,179343596,1950-08-03 17:11:07
52615,Mrs.,Gian Norres,Darci Adamkiewicz,amoar12@patch.com,PO Box 7291,Married,Female,579622874,88 Maple Wood Circle,Residential Home,Petronille Softley,1976-03-07 22:09:08,95811097,348302771,343988308,Cell,Not-a-Student,Jasmine Lednor,3 Eliot Street,21212138,Not employed,Anny Moar,Parent,914713501,676882805,1970-03-05 15:32:03
59354,Dr.,Jamaal Dovermann,Tabina Muffin,hbattista13@dyndns.org,14th Floor,Widowed,Female,130686563,75202 Meadow Vale Pass,Residential Home,Adelind Chadney,1958-09-14 17:18:50,89454579,424354580,331885981,Cell,Part-time,Florri Feldman,36319 Alpine Park,106479250,Part-time,Hildagarde Battista,Friend,713537060,700242518,1992-04-06 17:23:55
33856,Dr.,Loren Albiston,Steven Lynn,sbaser14@rakuten.co.jp,Room 1824,Divorced,Male,938856727,297 Holy Cross Street,Private Home,Joli Gildea,1979-03-27 09:07:10,94192150,165927836,462128405,Home,Not-a-Student,Silvester Segot,18779 Fairfield Circle,88496570,Part-time,Stormi Baser,Colleague,252712481,853927572,1952-04-22 20:27:38
21613,Dr.,Cyril Loughren,,ffeatherstonhaugh15@angelfire.com,Suite 30,Single,Male,760510036,59822 Bultman Avenue,Private Home,Cyril Iley,1995-05-01 22:57:24,40836134,361973424,27268207,Cell,Not-a-Student,Kamillah Rabat,33 Johnson Circle,682739534,Self-employed,Flss Featherstonhaugh,Friend,693534428,457152528,1953-10-26 16:50:36
74158,Mrs.,Juline Meacher,Lynda Trahearn,vmacfayden16@marketwatch.com,Suite 90,Divorced,Male,463229469,16 Coolidge Lane,Skilled Nursing Home,Alameda Laurenceau,1957-07-11 09:34:45,46551580,892156537,717043071,Home,Not-a-Student,Rachelle Follis,118 Kensington Street,196964563,Active-Military-Duty,Viviene MacFayden,Parent,627324333,700035719,2005-09-23 16:30:54
89533,Mr.,Freeland Skarman,Skell McIlmurray,bricciardi17@reuters.com,Room 1049,Widowed,Male,73508884,6918 Lakewood Plaza,Skilled Nursing Home,Loutitia Prescott,1979-03-21 08:13:44,47122006,514803168,139602188,Work,Not-a-Student,Clea Jeckell,27316 Fulton Alley,114279046,Full-time,Bessy Ricciardi,Parent,624619631,690438278,1945-03-22 06:30:36
84782,Mr.,Florida Stallen,Mindy Spir,ilummasana18@constantcontact.com,Suite 25,Partner,Male,269337053,2753 Bellgrove Lane,Private Home,Freddy Milsap,1991-08-22 13:21:17,40717578,828748906,321288641,Cell,Not-a-Student,Doti Bellringer,4645 Ohio Avenue,676091796,Not employed,Imojean Lummasana,Parent,596380524,219909300,1979-02-16 16:29:05
71123,Mr.,Pippy Giraudel,Charlena Raylton,gbabe19@goodreads.com,Apt 1130,Partner,Transgender,53381716,115 Forest Dale Parkway,Residential Home,Gusta Baines,1979-08-21 19:53:12,45900747,505870172,60193379,Home,Not-a-Student,Lettie Ashling,7 Orin Alley,760373817,Not employed,Graeme Babe,Spouse,669910411,107022536,1948-04-17 09:55:07
67294,Ms.,Leshia Ciardo,Wheeler Torel,dgauchier1a@sfgate.com,PO Box 20774,Divorced,Transgender,672162922,719 Blaine Court,Nursing Home,Jeri O'Ferris,1957-04-30 22:51:05,39621775,888043539,521040443,Cell,Part-time,Maximo Treanor,20 Fieldstone Terrace,133589296,Not employed,Delila Gauchier,Parent,744276813,662705938,1995-07-19 23:16:57
97610,Mrs.,Isak Gullberg,,bnassie1b@imageshack.us,3rd Floor,Divorced,Female,490024559,8 Briar Crest Lane,Private Home,Kristoforo Minty,1990-12-28 13:16:13,35468016,833270425,599792781,Cell,Part-time,Tobi Greatbank,12 Birchwood Trail,936964731,Self-employed,Berkly Nassie,Colleague,362092641,400272976,1990-05-23 13:52:49
77024,Dr.,Noby Dekeyser,Mia Ingleston,agorthy1c@zimbio.com,Suite 1,Partner,Male,387238874,06546 Nova Point,Private Home,Kaycee Leeming,1957-04-06 22:41:46,33103258,37709612,41767322,Home,Part-time,Brander Stanlack,2666 Fallview Hill,553264058,Self-employed,Aloisia Gorthy,Sibling,736502769,23948716,1955-11-01 08:34:30
90888,Mrs.,Port Koles,Marcel Padrick,clinton1d@w3.org,PO Box 63653,Single,Transgender,190150096,69 Dexter Road,Skilled Nursing Home,Palm Stife,1962-08-18 22:07:58,79816169,307529172,630635996,Work,Full-time,Braden Dade,8176 Garrison Way,184129091,Full-time,Carce Linton,Spouse,327162031,543815528,1994-08-21 10:45:36
21376,Ms.,Baudoin Cadwaladr,Joseph Laise,nwint1e@rambler.ru,1st Floor,Single,Transgender,660508230,503 South Place,Private Home,Jefferson Tinmouth,1972-07-05 05:46:25,28524363,377236706,587278381,Cell,Full-time,Drucie Ternott,8 Elmside Junction,580526757,Self-employed,Nomi Wint,Parent,775797453,494674488,1975-07-21 23:26:52
83941,Mr.,Cary Sinncock,Ludwig Fahrenbach,mlaneham1f@chron.com,6th Floor,Legally Separated,Female,384084146,6937 Anzinger Parkway,Nursing Home,Brnaby Cawkwell,1963-05-30 11:36:39,2653834,508263495,192404656,Work,Not-a-Student,Hailey Bolle,514 Union Crossing,836165276,Not employed,Maura Laneham,Friend,780514274,753307201,1988-11-02 23:14:15
74868,Mr.,Welbie Calverley,Jay Shillaker,shavesides1g@barnesandnoble.com,Apt 1146,Single,Female,698010303,53 Golf Course Crossing,Nursing Home,Doreen Moston,1967-11-13 10:39:54,39404811,968478156,117166173,Home,Part-time,Gratiana Riccardelli,9951 Kings Road,557025835,Retired,Siana Havesides,Parent,985862977,282522664,1980-08-06 00:05:26
12395,Dr.,Patrica Barendtsen,,bchristopherson1h@skyrock.com,Suite 35,Legally Separated,Transgender,907652063,6 Pearson Pass,Skilled Nursing Home,Sibella Siney,1957-04-04 02:32:03,87798117,731228473,952294112,Cell,Full-time,Griff Emmott,6462 Maple Wood Circle,620436265,Active-Military-Duty,Blakeley Christopherson,Spouse,207154842,839131291,1962-10-28 08:15:01
53811,Mrs.,Jenn Shew,Cornelia Mueller,ktrosdall1i@wufoo.com,14th Floor,Legally Separated,Male,810121049,08871 Vera Pass,Skilled Nursing Home,Kasey Jaumet,1999-08-26 15:46:40,92054438,611906426,652715281,Work,Full-time,Jaimie Peploe,77 Del Sol Point,624603892,Part-time,Kiri Trosdall,Parent,4851218,180250158,2000-06-17 06:59:19
96329,Mr.,Kent Golbourn,Guntar Bool,mcrat1j@nydailynews.com,13th Floor,Married,Transgender,70524258,1133 Ruskin Junction,Private Home,Therine Stouther,1959-11-04 07:11:51,65207520,51456100,872630130,Work,Part-time,Rosalia Apthorpe,83 Meadow Vale Parkway,518939578,Full-time,Mufinella Crat,Friend,905971511,689608295,1945-09-12 05:12:33
49859,Dr.,Cosme Tremoulet,Jakob Sore,ksapseed1k@shareasale.com,PO Box 37722,Legally Separated,Male,406227375,63 Stang Road,Residential Home,Benjie Lownes,2003-12-19 09:45:50,93770265,615656111,706168580,Cell,Not-a-Student,Rachelle Kleen,7919 Hermina Terrace,250645397,Self-employed,Krystyna Sapseed,Sibling,845737918,366206904,1968-09-17 06:52:50
44689,Mr.,Maire Yoakley,Dehlia Beade,gelford1l@wordpress.com,16th Floor,Partner,Transgender,177892864,21757 Holmberg Alley,Residential Home,Anette MacIan,1971-12-14 16:57:49,39382720,67885295,108524621,Home,Full-time,Quint Dench,52 Harper Place,329923063,Self-employed,Ginny Elford,Colleague,34623097,855023596,1962-01-02 17:29:09
52321,Ms.,Bobbi Hundall,Inessa Renforth,amalim1m@nasa.gov,2nd Floor,Legally Separated,Male,288796534,60415 Riverside Trail,Residential Home,Bogart Boolsen,1956-03-13 23:24:19,94419824,93155109,415871345,Cell,Full-time,Gerick Alliban,3 Shelley Alley,312003196,Self-employed,Averil Malim,Spouse,802324769,663147330,1982-10-22 01:58:29
16038,Mr.,Lyon Bau,,ativolier1n@imgur.com,Suite 94,Single,Male,141238456,00 Northwestern Plaza,Residential Home,Lyell Ismead,1960-08-14 13:04:20,41034280,358954275,285884552,Work,Part-time,Bradan Rault,4 Mayer Alley,484187905,Part-time,Anatole Tivolier,Spouse,558387075,274890267,1958-03-01 10:32:43
19539,Dr.,Heddie Gorvette,Blakeley Leeburn,ohartmann1o@spotify.com,Apt 1976,Widowed,Transgender,418643914,28 Randy Crossing,Private Home,Geoffry Hufton,2002-04-17 10:22:18,62975162,165793618,747112075,Work,Full-time,Robenia Cowoppe,311 Fisk Avenue,881756467,Not employed,Oralia Hartmann,Colleague,290429887,262569872,1991-05-04 00:00:07
3585,Mr.,Maximo Cressor,,gkerwen1p@ibm.com,Suite 52,Married,Male,720067807,6254 Butternut Road,Private Home,Abran Graddon,1955-10-10 14:46:52,94614503,339798321,239089378,Home,Full-time,Drusie Gillmor,71 Barnett Circle,232984841,Part-time,Grazia Kerwen,Parent,264678840,810007366,1977-01-23 06:38:52
84001,Mr.,Nichole Robertucci,Florella Bohike,bchene1q@rediff.com,Room 298,Married,Female,139808238,968 Bluejay Road,Private Home,Conrad Louca,2004-07-05 06:54:53,6522879,594114088,303894566,Cell,Full-time,Carmen McShirrie,51 Hagan Plaza,609045253,Full-time,Bondon Chene,Friend,395169682,883851854,1991-02-15 05:25:27
4642,Ms.,Casar Grelka,Aretha Balston,frigg1r@typepad.com,Room 565,Widowed,Male,559945381,30900 Colorado Park,Skilled Nursing Home,Idell Perch,1967-12-15 00:23:24,31994120,517831225,784695744,Cell,Part-time,Layney Twede,85 Kinsman Trail,942003897,Not employed,Franklin Rigg,Colleague,900037336,32711092,1992-02-13 01:29:36
1591,Dr.,Jeramie Hinkensen,Lemar Ealam,vdoey1s@gravatar.com,20th Floor,Single,Female,771634667,9109 8th Junction,Private Home,Fabien Parton,1956-08-29 21:01:57,22160302,544177565,651922627,Work,Not-a-Student,Ricki Cromb,4 Southridge Alley,718685846,Not employed,Valera Doey,Sibling,529124786,311700759,1968-07-21 21:02:22
80872,Mrs.,Genia Guarnier,Heidie O'Donovan,fvolette1t@unesco.org,Apt 192,Married,Female,834758016,0 Kennedy Lane,Private Home,Elsbeth Trewett,2002-03-28 18:28:14,17369851,710759675,335060560,Work,Not-a-Student,Chlo Macias,29 Mariners Cove Point,513703027,Not employed,Fabien Volette,Colleague,878985690,502508236,1959-10-31 03:40:14
38733,Mrs.,Ferd Binnes,Mireille Seyers,pmchardy1u@imdb.com,16th Floor,Married,Male,473212222,63 Russell Terrace,Private Home,Prentice Trubshawe,2000-02-09 08:43:00,81649756,987678204,843195582,Cell,Part-time,Theobald Geri,6 Annamark Court,729105965,Retired,Palmer McHardy,Parent,647638499,356355091,1952-10-02 08:59:01
47757,Mrs.,Son Jennemann,Karlene Minard,wjellybrand1v@kickstarter.com,Room 400,Married,Female,466768523,84 Corben Avenue,Private Home,Mellisa Salsbury,1986-07-02 01:03:00,36345143,744206452,449004045,Home,Not-a-Student,Ruperta Kilpatrick,42091 Sage Drive,327641801,Retired,Weston Jellybrand,Parent,216010482,238982141,1972-02-05 18:05:53
99565,Ms.,Garnet Baggs,,gdoogue1w@123-reg.co.uk,PO Box 77264,Widowed,Female,529826372,358 Loomis Alley,Private Home,Friedrich Colin,1986-08-12 08:08:27,71698475,917803894,742374473,Cell,Part-time,Brooke Goldine,0 Vernon Avenue,981048559,Self-employed,Gustave Doogue,Friend,175409854,518155282,1984-09-14 11:15:37
26737,Mrs.,Mitchael Eckert,Linnell Kreuzer,mcoopey1x@ow.ly,PO Box 55485,Divorced,Transgender,829388278,02423 Debs Place,Private Home,Joe Pettipher,1956-09-22 09:13:32,11546863,352572059,842173211,Work,Part-time,Ingrim Johananoff,38814 Hollow Ridge Street,832641058,Retired,Maggie Coopey,Parent,731955835,728281223,1976-09-17 15:46:41
72810,Mrs.,Inesita Savege,Chevy Thonason,ntanser1y@soundcloud.com,Suite 2,Married,Transgender,205710102,2717 Lake View Street,Nursing Home,Steward O'Shevlan,1958-02-23 07:05:57,14974187,278128342,555064843,Home,Not-a-Student,Edward Ferneyhough,4 Northwestern Court,608847155,Retired,Nataniel Tanser,Colleague,256575950,413121923,1975-05-05 05:45:31
32502,Ms.,Sallee Richley,Mildred Loverock,mmacgaughy1z@linkedin.com,5th Floor,Partner,Male,959309145,7 Schiller Drive,Nursing Home,Bordie Zorro,1949-03-17 06:31:15,22775561,996189125,727638990,Cell,Not-a-Student,Averil Yeardsley,03 Karstens Court,851845271,Full-time,Margie MacGaughy,Parent,680864998,565692043,1997-07-09 19:43:46
70663,Ms.,Josi Belfield,Smitty Moon,mmcallester20@google.co.uk,Room 445,Widowed,Transgender,899906490,369 Charing Cross Road,Nursing Home,Elias Ridulfo,1971-02-04 00:51:44,22152086,877935975,670447753,Cell,Not-a-Student,Merill Sims,4112 Northview Pass,627558207,Self-employed,Mathilda McAllester,Friend,604353804,510154332,1971-12-08 19:23:10
90277,Mr.,Sharron Starzaker,Robin Mitham,trillatt21@amazonaws.com,Suite 72,Divorced,Male,564063569,9907 Westerfield Court,Nursing Home,Belva Aprahamian,1985-11-04 04:08:46,43427445,707900973,432289241,Home,Part-time,Egbert Bilt,74 Oneill Center,676067405,Retired,Titus Rillatt,Spouse,279370745,91992857,1948-08-02 21:42:16
74239,Mrs.,Arri Pember,Doria Crewes,jlutty22@si.edu,PO Box 72584,Divorced,Male,540327878,71842 Jenifer Alley,Skilled Nursing Home,Paulette Keyzor,1981-04-21 15:21:26,5994906,70868015,377637777,Work,Not-a-Student,Patricia Venturoli,87 Doe Crossing Road,436253217,Part-time,Jemimah Lutty,Parent,362723349,689622438,1983-06-20 16:00:48
50425,Mrs.,Calli Hunton,Griffin Standall,lodougherty23@google.it,Apt 950,Divorced,Male,761095665,643 Comanche Trail,Private Home,Alexis Buntine,1946-03-23 14:48:20,66235380,846949726,275549751,Cell,Full-time,Davie Wichard,312 Commercial Junction,582036275,Part-time,Leilah O'Dougherty,Friend,975543436,38924700,1947-12-21 15:20:38
90373,Mrs.,Deana McAirt,,dklezmski24@facebook.com,Suite 37,Single,Female,91526661,3947 Cherokee Avenue,Private Home,Julieta Chesswas,1980-11-18 07:58:15,27479037,82951233,345122836,Work,Part-time,Dulcie Benaine,96246 Fulton Plaza,577643836,Full-time,Dalis Klezmski,Colleague,819785515,828656968,2001-08-08 09:07:12
10997,Mr.,Andria Eggleson,Vaughn Pococke,rphelipeau25@lycos.com,PO Box 46638,Divorced,Male,609810132,2 Lunder Way,Nursing Home,Bale Harris,1974-07-30 04:06:06,69207338,242855389,320454602,Work,Part-time,Logan Davidge,6290 Roxbury Hill,834409152,Retired,Reagan Phelipeau,Friend,832935653,427468213,1986-01-16 16:55:45
34755,Mrs.,Libbie Seaton,Issi Winters,itrytsman26@cbsnews.com,11th Floor,Widowed,Transgender,729367301,2 Pine View Hill,Residential Home,Marcello Gennings,1947-01-28 02:03:47,40696469,273577087,845018328,Work,Part-time,Zaneta Bothie,556 Kenwood Way,796419154,Not employed,Isidro Trytsman,Sibling,641225591,601424041,1953-10-04 09:15:36
92560,Dr.,Yorker Schwieso,Susana Castellini,cflageul27@yellowpages.com,PO Box 19741,Married,Transgender,233746584,1202 Bonner Road,Residential Home,Yale McKune,1968-10-06 00:03:03,15302127,669707997,227903437,Cell,Full-time,Hedwig Breed,89257 Arapahoe Circle,733615664,Not employed,Calida Flageul,Sibling,687855544,591454284,1951-09-09 08:08:09
96913,Mr.,Gradeigh Dwyr,Petronilla Corps,kadamoli28@typepad.com,Suite 45,Legally Separated,Female,145168434,1125 Eagan Center,Private Home,Clementina Klassman,1970-06-06 23:48:03,31658911,61669778,104156707,Work,Part-time,Muriel Corkitt,00 Merchant Junction,673320246,Part-time,Koral Adamoli,Spouse,380388402,403272810,2002-05-03 00:06:59
38310,Dr.,Erik Geoghegan,,alonder29@cornell.edu,20th Floor,Legally Separated,Male,839409872,533 Golf Course Way,Private Home,Polly Beaney,1997-11-04 08:11:10,58433248,30195863,206815652,Work,Full-time,Kayla Orum,539 Mallard Parkway,338230265,Active-Military-Duty,Anatol Londer,Colleague,764170582,2779965,1983-04-16 18:33:13
58432,Mrs.,Luella Whitfield,,asutlieff2a@wunderground.com,Room 1302,Married,Female,332325037,53 Talmadge Center,Private Home,Hayward Domsalla,1945-04-13 13:10:43,71977529,736827594,989376616,Home,Part-time,Ebeneser McSweeney,73889 Michigan Road,124448272,Self-employed,Alidia Sutlieff,Sibling,440452768,462863260,2001-07-24 04:26:15
90969,Dr.,Salomo Scoullar,Paula Sexten,mbarradell2b@marketwatch.com,13th Floor,Widowed,Male,827450768,682 Bartillon Avenue,Residential Home,Zelda Dyerson,1982-04-11 04:12:34,41305847,281480868,59010378,Cell,Full-time,Wadsworth Matic,7254 Merrick Way,950668239,Full-time,Marj Barradell,Colleague,528154092,932232257,1976-01-19 01:16:09
70314,Dr.,Grethel O'Calleran,Pammy McRavey,kwallsam2c@soundcloud.com,PO Box 48941,Single,Transgender,869639280,7 Myrtle Point,Skilled Nursing Home,Antonius Bargh,1980-09-13 06:08:28,34323223,782669184,888338885,Work,Full-time,Athene Bolens,4366 Springview Point,178624599,Not employed,Kathi Wallsam,Colleague,734252462,31631175,1972-03-05 05:11:45
94180,Mrs.,Avrom Rate,Charlie Pordall,mremer2d@forbes.com,Room 1205,Divorced,Male,432115465,9006 Norway Maple Hill,Nursing Home,Rogers Cowe,2001-07-01 13:17:47,99002965,959725255,594140181,Cell,Not-a-Student,Deerdre Pinsent,12483 Marquette Drive,472636485,Retired,Melodee Remer,Parent,904102449,204232710,1983-01-06 13:35:07
48713,Ms.,Felicle Govey,,bsibson2e@apple.com,7th Floor,Widowed,Male,938500759,874 Crescent Oaks Way,Residential Home,Hersh Dallicoat,2004-09-07 23:45:45,23922898,899099574,373255573,Home,Not-a-Student,Ronny Gerauld,7640 Almo Terrace,854524893,Retired,Bea Sibson,Friend,723096225,410886748,1971-06-05 02:43:44
66,Ms.,Mark Leiden,Karyn Stadden,lmcauslan2f@usnews.com,PO Box 58991,Divorced,Transgender,875095779,1 Menomonie Parkway,Residential Home,Hali Balas,1976-07-23 10:39:31,53664715,791959262,677236854,Cell,Full-time,Daphne Wiles,310 Anhalt Way,606375075,Active-Military-Duty,Lucine McAuslan,Friend,892625348,629272826,1966-03-15 18:31:22
81115,Mrs.,Gav Golby,Roxana Longina,mganing2g@hp.com,Apt 616,Single,Male,525891021,06 Swallow Way,Nursing Home,Hersch Axtell,1979-09-17 05:01:24,44070698,132475365,105968882,Work,Full-time,Concordia Cowthard,17238 Jackson Place,999615808,Retired,Merry Ganing,Colleague,402665579,655408995,1966-09-09 10:20:45
61485,Dr.,Georgy Haughian,Otha Phillps,emillichap2h@storify.com,Room 1484,Partner,Transgender,101355558,98 Esch Park,Residential Home,Betsey Hosten,1973-11-03 07:26:58,23925167,257564595,178325301,Home,Not-a-Student,Gaynor Phebee,4337 Annamark Junction,918943805,Active-Military-Duty,Eydie Millichap,Colleague,100294429,995487192,1956-03-16 13:25:27
23820,Dr.,Florri Pandie,Beilul Geldeford,jwhitwam2i@typepad.com,16th Floor,Divorced,Female,45039079,6 Fisk Park,Private Home,Rabbi Cardiff,1944-07-18 15:04:49,32434160,271686573,501424595,Home,Full-time,Andras Hinrich,6053 Shelley Crossing,99102865,Retired,Joletta Whitwam,Spouse,790558396,357513322,2001-03-11 10:40:58
27982,Dr.,Matias Bowery,Rutherford Lammenga,pstorer2j@tuttocitta.it,Apt 917,Divorced,Male,675146624,9 Service Drive,Residential Home,Dasi Beeby,2002-05-19 11:12:58,42295796,603543455,575706509,Home,Not-a-Student,Wandie Brittlebank,6696 Buena Vista Hill,848343428,Self-employed,Patrizius Storer,Sibling,857167226,958150047,1950-02-01 13:53:48
30370,Dr.,Giulietta Kilroy,,dblacklock2k@ow.ly,PO Box 88379,Married,Transgender,371350857,05 Buhler Point,Residential Home,Matty Sawdy,1957-09-11 23:23:06,50195434,173690946,440276793,Work,Full-time,Marlo Dimsdale,3 Harper Drive,233864403,Retired,Dion Blacklock,Colleague,983000568,35774950,1974-10-01 04:35:26
74340,Mrs.,Lindy Frankcom,Joellen Crolla,sedinborough2l@cdc.gov,Suite 81,Divorced,Transgender,241924755,0505 Mayer Trail,Nursing Home,Niki Peakman,1992-01-20 23:27:48,42620504,424186278,979000279,Cell,Part-time,Ivette Jonah,41 Arizona Junction,862596000,Self-employed,Sheelagh Edinborough,Spouse,667637251,944188518,1948-12-11 14:01:03
88827,Dr.,Vera Franschini,Suki Coite,nhaken2m@va.gov,3rd Floor,Divorced,Female,687915126,3107 Scott Avenue,Nursing Home,Westbrook MacNamee,1983-08-08 19:45:02,30261251,460567988,484985657,Home,Part-time,Eleanora Dinesen,65 Gerald Alley,690537733,Active-Military-Duty,Nappie Haken,Friend,239595580,945821966,1987-02-15 21:04:47
3924,Mr.,Penelopa Aherne,Cherida Celez,tsign2n@reuters.com,PO Box 83013,Single,Male,145742128,77 Brentwood Park,Nursing Home,Benyamin Fullager,1960-11-13 02:16:56,62332874,526530435,667927474,Cell,Not-a-Student,Geoffrey Wardale,5651 2nd Place,557923853,Not employed,Tracee Sign,Parent,912722241,262835183,1960-08-31 10:35:33
36512,Dr.,Casar Pudney,,mgabbidon2o@jiathis.com,10th Floor,Widowed,Male,351492790,5 Artisan Hill,Private Home,Amata Coggen,1991-02-18 05:47:24,54188298,26432118,349057841,Home,Part-time,Lind Reolfi,0 Crest Line Junction,625073485,Full-time,Maggy Gabbidon,Colleague,604688120,369682437,2001-12-03 13:51:34
16956,Mrs.,Luther Trench,,abonifas2p@printfriendly.com,17th Floor,Partner,Transgender,835088775,6 Memorial Terrace,Residential Home,Xavier Goddert.sf,1958-02-23 18:51:32,23202816,813739428,322292515,Cell,Full-time,Harper Saltmarsh,17773 Schurz Hill,367948170,Self-employed,Ajay Bonifas,Spouse,512681400,592152722,1975-01-23 21:27:37
10255,Mrs.,Horatia Cunniam,Rasla Pierson,ymarcu2q@google.cn,Room 1685,Partner,Female,714807632,631 Clarendon Alley,Nursing Home,Jodie Andriulis,1965-02-24 00:43:45,8355815,7150685,450098841,Home,Not-a-Student,Randolph Roostan,7705 Utah Court,83706181,Active-Military-Duty,Yul Marcu,Friend,454070798,510667811,1983-11-10 17:30:22
80718,Ms.,Sibyl Tulloch,Tadio Ferrierio,gbanstead2r@desdev.cn,Room 943,Single,Male,605940438,30898 Forest Run Court,Skilled Nursing Home,Rora Gunson,1979-10-27 20:27:20,3037563,226561699,905941012,Work,Full-time,Maurice Eannetta,767 Hintze Junction,685567151,Not employed,Garry Banstead,Spouse,416788051,730284041,1946-05-21 03:21:18
